instance_id,family,assets,params,l1_pass,l1_oos_sharpe,l1_oos_return,l1_oos_dd,l1_oos_trades,l1_fail,l2_pass,l2_n_windows,l2_mean_oow_sharpe,l2_path,l2_n_selected,l2_fail,l3_pass,l3_covid_return,l3_covid_untested,l3_postwarmup_return,l3_postwarmup_pass,l3_synth_return,l3_fail,l4_pass,l4_dsr,l4_perm_pvalue,l4_bootstrap_p95_dd,l4_fail,final_survivor,failed_layer,primary_failure_reason,secondary_failure_reason,worst_metric
breakout_egarch_SPXUSD_L24_Q0.4,breakout_egarch,SPXUSD,"{'L': 24, 'Q': 0.4}",False,-0.5103607554935597,-0.14010947201442459,-0.25999156040281124,203,oos_sharpe_ok,False,8,-0.28575908912813225,,0,mean_wf_sharpe_below_min,True,0.0,True,-0.023139528643856155,True,-0.1073970151731366,,False,,,,did_not_reach_layer4,False,1,LOW_OOS_SHARPE,STRESS_UNTESTED,-0.5103607554935597
breakout_egarch_USDJPY_L24_Q0.4,breakout_egarch,USDJPY,"{'L': 24, 'Q': 0.4}",True,0.6579793771600607,0.07863794294925985,-0.10439871939894207,135,,True,8,-0.3818660902315214,selected_winner,1,,True,0.0,True,0.01220130963580468,True,-0.024928629497267152,,False,0.006835242339725936,0.196,-0.3149884405338743,permutation_test_failed,False,4,PERMUTATION_FAIL,STRESS_UNTESTED,0.196
breakout_egarch_XAUUSD_L24_Q0.4,breakout_egarch,XAUUSD,"{'L': 24, 'Q': 0.4}",True,0.7042894796582196,0.2116993483600491,-0.18361347580314236,191,,False,8,-0.9319365335820293,,0,mean_wf_sharpe_below_min,True,0.0,True,0.031226022149720478,True,0.008948291020843824,,False,,,,did_not_reach_layer4,False,2,WALK_FORWARD_INSTABILITY,STRESS_UNTESTED,-0.9319365335820293
breakout_egarch_ETHUSD_L24_Q0.4,breakout_egarch,ETHUSD,"{'L': 24, 'Q': 0.4}",False,-1.0463847651534879,-0.7567053314010002,-0.812690517952045,207,oos_sharpe_ok,False,8,-0.11606905514195631,,0,mean_wf_sharpe_below_min,False,0.0,True,-0.4427826170661101,False,-0.090184289314302,postwarmup_stress_loss_exceeded,False,,,,did_not_reach_layer4,False,1,LOW_OOS_SHARPE,STRESS_UNTESTED,-1.0463847651534879
breakout_egarch_SPXUSD_L24_Q0.6,breakout_egarch,SPXUSD,"{'L': 24, 'Q': 0.6}",False,-0.7403587026922706,-0.1835750970294313,-0.26368674432429673,179,oos_sharpe_ok,False,8,-0.3962107446385975,,1,mean_wf_sharpe_below_min,True,0.0,True,-0.04541643976647536,True,-0.01889699090680519,,False,,,,did_not_reach_layer4,False,1,LOW_OOS_SHARPE,STRESS_UNTESTED,-0.7403587026922706
breakout_egarch_USDJPY_L24_Q0.6,breakout_egarch,USDJPY,"{'L': 24, 'Q': 0.6}",False,0.26510161645655206,0.0259730197550867,-0.08699445108869375,104,oos_sharpe_ok,False,8,-0.5032463934987647,,0,mean_wf_sharpe_below_min,True,0.0,True,0.003743027158295442,True,-0.031149341315848345,,False,,,,did_not_reach_layer4,False,1,LOW_OOS_SHARPE,STRESS_UNTESTED,0.26510161645655206
breakout_egarch_XAUUSD_L24_Q0.6,breakout_egarch,XAUUSD,"{'L': 24, 'Q': 0.6}",True,0.42037774270415734,0.10193307165221621,-0.1955385486214839,166,,False,8,-0.7070200860570544,,1,mean_wf_sharpe_below_min,True,0.0,True,-0.005225747182347806,True,-0.000572758360834813,,False,,,,did_not_reach_layer4,False,2,WALK_FORWARD_INSTABILITY,STRESS_UNTESTED,-0.7070200860570544
breakout_egarch_ETHUSD_L24_Q0.6,breakout_egarch,ETHUSD,"{'L': 24, 'Q': 0.6}",False,-0.28316822581534035,-0.4634703947016309,-0.7406551878552157,158,oos_sharpe_ok,False,8,-0.4816313397576376,,0,mean_wf_sharpe_below_min,False,0.0,True,-0.4427826170661101,False,-0.1251492823288044,postwarmup_stress_loss_exceeded,False,,,,did_not_reach_layer4,False,1,LOW_OOS_SHARPE,STRESS_UNTESTED,-0.28316822581534035
breakout_egarch_SPXUSD_L24_Q0.8,breakout_egarch,SPXUSD,"{'L': 24, 'Q': 0.8}",False,-0.4847515803249758,-0.12718008215898913,-0.25588771103226426,131,oos_sharpe_ok,False,8,-0.713043675317869,,1,mean_wf_sharpe_below_min,True,0.0,True,-0.022782990326757124,True,-0.014169714031277758,,False,,,,did_not_reach_layer4,False,1,LOW_OOS_SHARPE,STRESS_UNTESTED,-0.4847515803249758
breakout_egarch_USDJPY_L24_Q0.8,breakout_egarch,USDJPY,"{'L': 24, 'Q': 0.8}",False,-0.005521383161255778,-0.0050717945569574985,-0.08232382258749393,75,oos_sharpe_ok,False,8,-1.276990138364738,,0,mean_wf_sharpe_below_min,True,0.0,True,0.019699778574352678,True,-0.03168400623441625,,False,,,,did_not_reach_layer4,False,1,LOW_OOS_SHARPE,STRESS_UNTESTED,-0.005521383161255778
breakout_egarch_XAUUSD_L24_Q0.8,breakout_egarch,XAUUSD,"{'L': 24, 'Q': 0.8}",True,1.156968613768245,0.38419664752858695,-0.16473337762354456,110,,True,8,-0.18950801781133433,selected_winner,1,,True,0.0,True,-0.03547101791938223,True,-0.00015842184164349682,,False,0.07611739808283187,0.06,-0.3541181417716279,deflated_sharpe_below_threshold,False,4,DSR_FAIL,STRESS_UNTESTED,0.07611739808283187
breakout_egarch_ETHUSD_L24_Q0.8,breakout_egarch,ETHUSD,"{'L': 24, 'Q': 0.8}",False,-0.5646608303106273,-0.5602833896823691,-0.7512231857395513,107,oos_sharpe_ok,False,8,-0.7234259934162838,,0,mean_wf_sharpe_below_min,False,0.0,True,-0.4427826170661101,False,-0.11147538014546965,postwarmup_stress_loss_exceeded,False,,,,did_not_reach_layer4,False,1,LOW_OOS_SHARPE,STRESS_UNTESTED,-0.5646608303106273
breakout_egarch_SPXUSD_L48_Q0.4,breakout_egarch,SPXUSD,"{'L': 48, 'Q': 0.4}",False,-0.13814139723687552,-0.04645319402534864,-0.2406413981275668,119,oos_sharpe_ok,True,8,-0.037766168644068704,selected_winner,1,,True,0.0,True,0.0019185602979743255,True,0.094499287095406,,False,,,,did_not_reach_layer4,False,1,LOW_OOS_SHARPE,STRESS_UNTESTED,-0.13814139723687552
breakout_egarch_USDJPY_L48_Q0.4,breakout_egarch,USDJPY,"{'L': 48, 'Q': 0.4}",False,-0.3186858675173556,-0.040368686073774085,-0.08205967050913743,101,oos_sharpe_ok,False,8,0.12030544382815456,,1,mean_wf_sharpe_below_min,True,0.0,True,-0.0009655510414634527,True,-0.060308408070078756,,False,,,,did_not_reach_layer4,False,1,LOW_OOS_SHARPE,STRESS_UNTESTED,-0.3186858675173556
breakout_egarch_XAUUSD_L48_Q0.4,breakout_egarch,XAUUSD,"{'L': 48, 'Q': 0.4}",True,0.42636029459823144,0.10188394828215408,-0.22212924098302433,114,,True,8,0.03842787017297522,selected_winner,1,,True,0.0,True,-0.12160423578807078,True,-0.013430450242070346,,False,0.024119937829241902,0.175,-0.4476524495635057,permutation_test_failed,False,4,PERMUTATION_FAIL,STRESS_UNTESTED,0.175
breakout_egarch_ETHUSD_L48_Q0.4,breakout_egarch,ETHUSD,"{'L': 48, 'Q': 0.4}",False,-0.20584329251959332,-0.4076700578533481,-0.6741586403910946,116,oos_sharpe_ok,False,8,-0.19381205833500226,,2,mean_wf_sharpe_below_min,False,0.0,True,-0.2593381430262808,False,0.04758240563253402,postwarmup_stress_loss_exceeded,False,,,,did_not_reach_layer4,False,1,LOW_OOS_SHARPE,STRESS_UNTESTED,-0.20584329251959332
breakout_egarch_SPXUSD_L48_Q0.6,breakout_egarch,SPXUSD,"{'L': 48, 'Q': 0.6}",False,-0.05248807658713517,-0.028354453412961056,-0.22641157692906022,110,oos_sharpe_ok,False,8,-0.2692450093137358,,0,mean_wf_sharpe_below_min,True,0.0,True,0.0019185602979743255,True,0.094499287095406,,False,,,,did_not_reach_layer4,False,1,LOW_OOS_SHARPE,STRESS_UNTESTED,-0.05248807658713517
breakout_egarch_USDJPY_L48_Q0.6,breakout_egarch,USDJPY,"{'L': 48, 'Q': 0.6}",False,-0.6705460239675042,-0.07363823797979285,-0.10545551021028854,79,oos_sharpe_ok,False,8,-0.1963007672666665,,1,mean_wf_sharpe_below_min,True,0.0,True,-0.0009655510414634527,True,-0.06321512910055815,,False,,,,did_not_reach_layer4,False,1,LOW_OOS_SHARPE,STRESS_UNTESTED,-0.6705460239675042
breakout_egarch_XAUUSD_L48_Q0.6,breakout_egarch,XAUUSD,"{'L': 48, 'Q': 0.6}",True,0.4379194367948892,0.10391552641628787,-0.2370465400084718,94,,False,8,0.05623412313497178,,0,mean_wf_sharpe_below_min,True,0.0,True,-0.12160423578807078,True,0.024337528268143505,,False,,,,did_not_reach_layer4,False,2,WALK_FORWARD_INSTABILITY,STRESS_UNTESTED,0.05623412313497178
breakout_egarch_ETHUSD_L48_Q0.6,breakout_egarch,ETHUSD,"{'L': 48, 'Q': 0.6}",False,-0.4597738064093551,-0.5137818205364273,-0.6528539233439654,99,oos_sharpe_ok,False,8,-0.18563317343583424,,1,mean_wf_sharpe_below_min,False,0.0,True,-0.2593381430262808,False,-0.034970043513537274,postwarmup_stress_loss_exceeded,False,,,,did_not_reach_layer4,False,1,LOW_OOS_SHARPE,STRESS_UNTESTED,-0.4597738064093551
breakout_egarch_SPXUSD_L48_Q0.8,breakout_egarch,SPXUSD,"{'L': 48, 'Q': 0.8}",False,-0.21451669828152325,-0.05803341071488133,-0.2696123396994392,88,oos_sharpe_ok,False,8,-0.17490806866225575,,1,mean_wf_sharpe_below_min,True,0.0,True,0.0032631189217431356,True,0.053145553561415815,,False,,,,did_not_reach_layer4,False,1,LOW_OOS_SHARPE,STRESS_UNTESTED,-0.21451669828152325
breakout_egarch_USDJPY_L48_Q0.8,breakout_egarch,USDJPY,"{'L': 48, 'Q': 0.8}",False,-0.7905421474246139,-0.08277823757869662,-0.13469682168545472,61,oos_sharpe_ok,False,8,-0.6839214330026324,,0,mean_wf_sharpe_below_min,True,0.0,True,0.012200500618988697,True,-0.051465226169337464,,False,,,,did_not_reach_layer4,False,1,LOW_OOS_SHARPE,STRESS_UNTESTED,-0.7905421474246139
breakout_egarch_XAUUSD_L48_Q0.8,breakout_egarch,XAUUSD,"{'L': 48, 'Q': 0.8}",True,0.8133129071717092,0.22822439353058188,-0.21072205643812592,64,,True,8,-0.07533183380156766,selected_winner,1,,True,0.0,True,-0.12164194332797229,True,0.06555508998281034,,False,0.09547256308810498,0.079,-0.3414089238545858,deflated_sharpe_below_threshold,False,4,DSR_FAIL,STRESS_UNTESTED,0.09547256308810498
breakout_egarch_ETHUSD_L48_Q0.8,breakout_egarch,ETHUSD,"{'L': 48, 'Q': 0.8}",False,-0.013350438637708757,-0.2416760506932738,-0.5586216753713424,68,oos_sharpe_ok,False,8,-0.08880573461819552,,0,mean_wf_sharpe_below_min,False,0.0,True,-0.2593381430262808,False,-0.05652237351625222,postwarmup_stress_loss_exceeded,False,,,,did_not_reach_layer4,False,1,LOW_OOS_SHARPE,STRESS_UNTESTED,-0.013350438637708757
breakout_egarch_SPXUSD_L96_Q0.4,breakout_egarch,SPXUSD,"{'L': 96, 'Q': 0.4}",False,-0.6285435507297633,-0.1278330924812242,-0.28914833921134175,87,oos_sharpe_ok,False,8,0.039804505914517035,,0,mean_wf_sharpe_below_min,True,0.0,True,0.009614617483252985,True,0.07464501336391671,,False,,,,did_not_reach_layer4,False,1,LOW_OOS_SHARPE,STRESS_UNTESTED,-0.6285435507297633
breakout_egarch_USDJPY_L96_Q0.4,breakout_egarch,USDJPY,"{'L': 96, 'Q': 0.4}",False,-0.8022603177842113,-0.08307555245897846,-0.11345396205045388,69,oos_sharpe_ok,False,8,-0.1138694529074051,,0,mean_wf_sharpe_below_min,True,0.0,True,0.009772117686878135,True,-0.06863324200502718,,False,,,,did_not_reach_layer4,False,1,LOW_OOS_SHARPE,STRESS_UNTESTED,-0.8022603177842113
breakout_egarch_XAUUSD_L96_Q0.4,breakout_egarch,XAUUSD,"{'L': 96, 'Q': 0.4}",True,0.695143237288769,0.17873824714615183,-0.14240429700980806,78,,True,8,0.4747630991440358,own_params,2,,True,0.0,True,-0.06926643129267296,True,0.06450839272796438,,False,0.05484514376437886,0.147,-0.35759885263951735,permutation_test_failed,False,4,PERMUTATION_FAIL,STRESS_UNTESTED,0.147
breakout_egarch_ETHUSD_L96_Q0.4,breakout_egarch,ETHUSD,"{'L': 96, 'Q': 0.4}",False,-0.6407151329063437,-0.5496194001381352,-0.6175624930883075,78,oos_sharpe_ok,False,8,-0.3921010040231211,,1,mean_wf_sharpe_below_min,False,0.0,True,-0.3559490603639742,False,0.056592033696545085,postwarmup_stress_loss_exceeded,False,,,,did_not_reach_layer4,False,1,LOW_OOS_SHARPE,STRESS_UNTESTED,-0.6407151329063437
breakout_egarch_SPXUSD_L96_Q0.6,breakout_egarch,SPXUSD,"{'L': 96, 'Q': 0.6}",False,-1.005241903403072,-0.18719883042205776,-0.3232848276248762,80,oos_sharpe_ok,False,8,-0.5250523323145324,,0,mean_wf_sharpe_below_min,True,0.0,True,0.009614617483252985,True,0.07098160312231538,,False,,,,did_not_reach_layer4,False,1,LOW_OOS_SHARPE,STRESS_UNTESTED,-1.005241903403072
breakout_egarch_USDJPY_L96_Q0.6,breakout_egarch,USDJPY,"{'L': 96, 'Q': 0.6}",False,-1.1439391095956977,-0.10907620444552302,-0.13349093936627598,56,oos_sharpe_ok,False,8,-0.11787460843530023,,0,mean_wf_sharpe_below_min,True,0.0,True,0.017410710983484234,True,-0.06601207963529032,,False,,,,did_not_reach_layer4,False,1,LOW_OOS_SHARPE,STRESS_UNTESTED,-1.1439391095956977
breakout_egarch_XAUUSD_L96_Q0.6,breakout_egarch,XAUUSD,"{'L': 96, 'Q': 0.6}",True,0.9450872792314909,0.2559350197052943,-0.1523305435372161,63,,False,8,0.290466340274141,,0,mean_wf_sharpe_below_min,True,0.0,True,-0.07261451974960553,True,0.060404523475075855,,False,,,,did_not_reach_layer4,False,2,WALK_FORWARD_INSTABILITY,STRESS_UNTESTED,0.290466340274141
breakout_egarch_ETHUSD_L96_Q0.6,breakout_egarch,ETHUSD,"{'L': 96, 'Q': 0.6}",False,-0.4293952145624804,-0.45040168792188584,-0.5696790858472901,67,oos_sharpe_ok,False,8,-0.5554929044755312,,0,mean_wf_sharpe_below_min,False,0.0,True,-0.3559490603639742,False,-0.010166863461081865,postwarmup_stress_loss_exceeded,False,,,,did_not_reach_layer4,False,1,LOW_OOS_SHARPE,STRESS_UNTESTED,-0.4293952145624804
breakout_egarch_SPXUSD_L96_Q0.8,breakout_egarch,SPXUSD,"{'L': 96, 'Q': 0.8}",False,-0.8669609325662789,-0.16022076412395359,-0.3174523381686075,66,oos_sharpe_ok,True,8,-0.19244290783446033,selected_winner,1,,True,0.0,True,0.007952603918049084,True,0.0456051188523201,,False,,,,did_not_reach_layer4,False,1,LOW_OOS_SHARPE,STRESS_UNTESTED,-0.8669609325662789
breakout_egarch_USDJPY_L96_Q0.8,breakout_egarch,USDJPY,"{'L': 96, 'Q': 0.8}",False,-1.3456653602073978,-0.12604184392864792,-0.15598143272056575,47,oos_sharpe_ok,False,8,-0.5740014492199208,,0,mean_wf_sharpe_below_min,True,0.0,True,0.010915609088360423,True,-0.0598754645640156,,False,,,,did_not_reach_layer4,False,1,LOW_OOS_SHARPE,STRESS_UNTESTED,-1.3456653602073978
breakout_egarch_XAUUSD_L96_Q0.8,breakout_egarch,XAUUSD,"{'L': 96, 'Q': 0.8}",True,0.7279623687711302,0.1765005126517214,-0.15885856612265536,46,,False,8,0.24631162599593323,,0,mean_wf_sharpe_below_min,True,0.0,True,-0.07421490591198543,True,0.060404523475075855,,False,,,,did_not_reach_layer4,False,2,WALK_FORWARD_INSTABILITY,STRESS_UNTESTED,0.24631162599593323
breakout_egarch_ETHUSD_L96_Q0.8,breakout_egarch,ETHUSD,"{'L': 96, 'Q': 0.8}",False,-0.43238361758271737,-0.4328821462415513,-0.6055503972736334,51,oos_sharpe_ok,False,8,-0.19556559536106605,,0,mean_wf_sharpe_below_min,False,0.0,True,-0.3559490603639742,False,-0.06782090028441445,postwarmup_stress_loss_exceeded,False,,,,did_not_reach_layer4,False,1,LOW_OOS_SHARPE,STRESS_UNTESTED,-0.43238361758271737
breakout_egarch_SPXUSD_L168_Q0.4,breakout_egarch,SPXUSD,"{'L': 168, 'Q': 0.4}",False,-0.6892474084557157,-0.12380450944089838,-0.26717853512038026,61,oos_sharpe_ok,False,8,-0.3026679505136746,,0,mean_wf_sharpe_below_min,True,0.0,True,0.0017768777373838862,True,0.059449265180089306,,False,,,,did_not_reach_layer4,False,1,LOW_OOS_SHARPE,STRESS_UNTESTED,-0.6892474084557157
breakout_egarch_USDJPY_L168_Q0.4,breakout_egarch,USDJPY,"{'L': 168, 'Q': 0.4}",False,-1.444971708614973,-0.12534560660104488,-0.1496953296295367,56,oos_sharpe_ok,False,8,0.18538063360002544,,2,mean_wf_sharpe_below_min,True,0.0,True,-0.013273927653028927,True,-0.054098569864164836,,False,,,,did_not_reach_layer4,False,1,LOW_OOS_SHARPE,STRESS_UNTESTED,-1.444971708614973
breakout_egarch_XAUUSD_L168_Q0.4,breakout_egarch,XAUUSD,"{'L': 168, 'Q': 0.4}",True,0.5583643641336558,0.12341043555073417,-0.17027120970619725,51,,True,8,0.09407151988712784,selected_winner,1,,True,0.0,True,-0.0868244788652065,True,0.03309252432701704,,False,0.04283374471140717,0.194,-0.3682731944445955,permutation_test_failed,False,4,PERMUTATION_FAIL,STRESS_UNTESTED,0.194
breakout_egarch_ETHUSD_L168_Q0.4,breakout_egarch,ETHUSD,"{'L': 168, 'Q': 0.4}",False,-0.5051413690763275,-0.46172004033719305,-0.582293757925419,61,oos_sharpe_ok,False,8,-0.7378746021728497,,1,mean_wf_sharpe_below_min,False,0.0,True,-0.15963854795367116,False,0.033009294100003084,postwarmup_stress_loss_exceeded,False,,,,did_not_reach_layer4,False,1,LOW_OOS_SHARPE,STRESS_UNTESTED,-0.5051413690763275
breakout_egarch_SPXUSD_L168_Q0.6,breakout_egarch,SPXUSD,"{'L': 168, 'Q': 0.6}",False,-0.9371829598994004,-0.1559081524771203,-0.2937219353581052,53,oos_sharpe_ok,False,8,-0.4698565052277129,,0,mean_wf_sharpe_below_min,True,0.0,True,0.0017768777373838862,True,0.055837656471859676,,False,,,,did_not_reach_layer4,False,1,LOW_OOS_SHARPE,STRESS_UNTESTED,-0.9371829598994004
breakout_egarch_USDJPY_L168_Q0.6,breakout_egarch,USDJPY,"{'L': 168, 'Q': 0.6}",False,-1.4089815703628834,-0.12106438419110199,-0.14002323639642433,47,oos_sharpe_ok,False,8,0.26185356430390094,,0,mean_wf_sharpe_below_min,True,0.0,True,-0.013273927653028927,True,-0.045315230981979426,,False,,,,did_not_reach_layer4,False,1,LOW_OOS_SHARPE,STRESS_UNTESTED,-1.4089815703628834
breakout_egarch_XAUUSD_L168_Q0.6,breakout_egarch,XAUUSD,"{'L': 168, 'Q': 0.6}",True,0.9390267044118532,0.2297850054332582,-0.17195303628349234,41,,False,8,0.16672342473064336,,0,mean_wf_sharpe_below_min,True,0.0,True,-0.09010940650106147,True,0.03309252432701704,,False,,,,did_not_reach_layer4,False,2,WALK_FORWARD_INSTABILITY,STRESS_UNTESTED,0.16672342473064336
breakout_egarch_ETHUSD_L168_Q0.6,breakout_egarch,ETHUSD,"{'L': 168, 'Q': 0.6}",False,-0.3991946060736684,-0.4008127426498246,-0.5230791750462003,53,oos_sharpe_ok,False,8,-0.7863059007028276,,1,mean_wf_sharpe_below_min,False,0.0,True,-0.15963854795367116,False,-0.03526920526027244,postwarmup_stress_loss_exceeded,False,,,,did_not_reach_layer4,False,1,LOW_OOS_SHARPE,STRESS_UNTESTED,-0.3991946060736684
breakout_egarch_SPXUSD_L168_Q0.8,breakout_egarch,SPXUSD,"{'L': 168, 'Q': 0.8}",False,-0.6869875162293332,-0.11855475344790989,-0.2500968509915087,42,oos_sharpe_ok,False,8,-0.23152380552833268,,2,mean_wf_sharpe_below_min,True,0.0,True,0.00012776655052637587,True,0.018449668343098136,,False,,,,did_not_reach_layer4,False,1,LOW_OOS_SHARPE,STRESS_UNTESTED,-0.6869875162293332
breakout_egarch_USDJPY_L168_Q0.8,breakout_egarch,USDJPY,"{'L': 168, 'Q': 0.8}",False,-1.9017290554800321,-0.1562669060273797,-0.17928542954211824,40,oos_sharpe_ok,False,8,-0.2570890705724693,,0,mean_wf_sharpe_below_min,True,0.0,True,0.005535601414297542,True,-0.02944337720221435,,False,,,,did_not_reach_layer4,False,1,LOW_OOS_SHARPE,STRESS_UNTESTED,-1.9017290554800321
breakout_egarch_XAUUSD_L168_Q0.8,breakout_egarch,XAUUSD,"{'L': 168, 'Q': 0.8}",False,0.34134952050033307,0.0608559206668855,-0.18254714282048146,31,oos_sharpe_ok,False,8,0.22745277196000152,,0,mean_wf_sharpe_below_min,True,0.0,True,-0.10357134273585733,True,0.03145077305095123,,False,,,,did_not_reach_layer4,False,1,LOW_OOS_SHARPE,STRESS_UNTESTED,0.34134952050033307
breakout_egarch_ETHUSD_L168_Q0.8,breakout_egarch,ETHUSD,"{'L': 168, 'Q': 0.8}",False,0.12066386302667328,-0.09325606194489666,-0.4158215377143075,36,oos_sharpe_ok,False,8,-0.3492601606469482,,0,mean_wf_sharpe_below_min,False,0.0,True,-0.15963854795367116,False,-0.052049038645531676,postwarmup_stress_loss_exceeded,False,,,,did_not_reach_layer4,False,1,LOW_OOS_SHARPE,STRESS_UNTESTED,0.12066386302667328
session_reversion_SPXUSD_lookback_days20_z_entry1.0,session_reversion,SPXUSD,"{'lookback_days': 20, 'z_entry': 1.0}",False,-0.08749898462014599,-0.022127063752910292,-0.14047319359532717,129,oos_sharpe_ok,True,8,0.591073668485245,own_params,0,,True,-0.08739545372615631,False,0.030683468429691274,True,-0.0343825392064917,,False,,,,did_not_reach_layer4,False,1,LOW_OOS_SHARPE,,-0.08749898462014599
session_reversion_USDJPY_lookback_days20_z_entry1.0,session_reversion,USDJPY,"{'lookback_days': 20, 'z_entry': 1.0}",False,-1.497443458176944,-0.10357957086940228,-0.14972786459773213,145,oos_sharpe_ok,False,8,-1.1389551314170216,,0,mean_wf_sharpe_below_min,True,-0.034547941395003945,False,0.009400465130267266,True,0.009197290694057836,,False,,,,did_not_reach_layer4,False,1,LOW_OOS_SHARPE,,-1.497443458176944
session_reversion_XAUUSD_lookback_days20_z_entry1.0,session_reversion,XAUUSD,"{'lookback_days': 20, 'z_entry': 1.0}",False,-1.755104432036209,-0.296592920600642,-0.36448523829548807,152,oos_sharpe_ok,False,8,-1.3515398514728483,,0,mean_wf_sharpe_below_min,True,-0.08774148552389105,False,-0.12443383183552303,True,-0.01842434990408426,,False,,,,did_not_reach_layer4,False,1,LOW_OOS_SHARPE,,-1.755104432036209
session_reversion_ETHUSD_lookback_days20_z_entry1.0,session_reversion,ETHUSD,"{'lookback_days': 20, 'z_entry': 1.0}",False,-0.2022690181820234,-0.195635706648574,-0.4474773467480767,138,oos_sharpe_ok,False,8,-1.1836792040774564,,0,mean_wf_sharpe_below_min,False,-0.25278950329886984,False,-0.22600010116398428,False,0.02037839224622018,covid_loss_exceeded,False,,,,did_not_reach_layer4,False,1,LOW_OOS_SHARPE,,-0.2022690181820234
session_reversion_SPXUSD_lookback_days20_z_entry1.5,session_reversion,SPXUSD,"{'lookback_days': 20, 'z_entry': 1.5}",False,-0.000984796996903631,-0.006306802507352827,-0.1480058949053319,64,oos_sharpe_ok,True,8,0.9865537130772511,own_params,2,,True,0.014109036245998796,False,-0.003001633005572435,True,-0.01814212090703271,,False,,,,did_not_reach_layer4,False,1,LOW_OOS_SHARPE,,-0.000984796996903631
session_reversion_USDJPY_lookback_days20_z_entry1.5,session_reversion,USDJPY,"{'lookback_days': 20, 'z_entry': 1.5}",False,-1.2408933295240845,-0.0601202224517543,-0.08245630485908717,56,oos_sharpe_ok,False,8,-1.2317428304346323,,1,mean_wf_sharpe_below_min,True,-0.008525294561672503,False,0.009400465130267266,True,0.011143915929865189,,False,,,,did_not_reach_layer4,False,1,LOW_OOS_SHARPE,,-1.2408933295240845
session_reversion_XAUUSD_lookback_days20_z_entry1.5,session_reversion,XAUUSD,"{'lookback_days': 20, 'z_entry': 1.5}",False,-1.4921030862416917,-0.2073690412833915,-0.25669363588603444,68,oos_sharpe_ok,False,8,-1.3858373782327877,,1,mean_wf_sharpe_below_min,True,0.015719303977322907,False,-0.01813202400839886,True,-0.023912959246733867,,False,,,,did_not_reach_layer4,False,1,LOW_OOS_SHARPE,,-1.4921030862416917
session_reversion_ETHUSD_lookback_days20_z_entry1.5,session_reversion,ETHUSD,"{'lookback_days': 20, 'z_entry': 1.5}",False,0.40070404274141436,0.11039249216855818,-0.2414919396409798,65,neighbor_dd_ok,False,8,-1.082852893406152,,0,mean_wf_sharpe_below_min,False,-0.15895668306499655,False,-0.22280487233800628,False,0.045043463564494735,covid_loss_exceeded,False,,,,did_not_reach_layer4,False,1,PARAMETER_FRAGILITY,,0.40070404274141436
session_reversion_SPXUSD_lookback_days20_z_entry2.0,session_reversion,SPXUSD,"{'lookback_days': 20, 'z_entry': 2.0}",False,0.13406566950456045,0.010417301601707507,-0.145169345329478,35,oos_sharpe_ok,True,8,0.7918198438591555,own_params,0,,True,0.003403343687863547,False,-0.003001633005572435,True,-0.02316093994780244,,False,,,,did_not_reach_layer4,False,1,LOW_OOS_SHARPE,,0.13406566950456045
session_reversion_USDJPY_lookback_days20_z_entry2.0,session_reversion,USDJPY,"{'lookback_days': 20, 'z_entry': 2.0}",False,-0.683533089966611,-0.025878673548932363,-0.055215614823046266,21,oos_sharpe_ok,False,8,-0.848136180552852,,0,mean_wf_sharpe_below_min,True,-0.012034042097231135,False,0.0,True,0.0010231496578299026,,False,,,,did_not_reach_layer4,False,1,LOW_OOS_SHARPE,,-0.683533089966611
session_reversion_XAUUSD_lookback_days20_z_entry2.0,session_reversion,XAUUSD,"{'lookback_days': 20, 'z_entry': 2.0}",False,-1.4159008252388268,-0.15526125796384838,-0.2015436317416236,25,oos_sharpe_ok,False,8,-0.9666227006153446,,2,mean_wf_sharpe_below_min,True,0.026778097620087093,False,0.0,True,-0.020232957213423552,,False,,,,did_not_reach_layer4,False,1,LOW_OOS_SHARPE,,-1.4159008252388268
session_reversion_ETHUSD_lookback_days20_z_entry2.0,session_reversion,ETHUSD,"{'lookback_days': 20, 'z_entry': 2.0}",False,0.7466795943615215,0.21759191858387816,-0.16850675620728184,25,oos_trades_ok,False,8,-0.27056802775869393,,1,mean_wf_sharpe_below_min,False,-0.26322183485610473,False,-0.07000400999817913,True,0.045043463564494735,covid_loss_exceeded,False,,,,did_not_reach_layer4,False,1,TOO_FEW_TRADES,,25.0
session_reversion_SPXUSD_lookback_days60_z_entry1.0,session_reversion,SPXUSD,"{'lookback_days': 60, 'z_entry': 1.0}",True,0.6073039315102349,0.08258758786858733,-0.14254941951017863,98,,True,8,0.7673078736521334,own_params,1,,True,0.09088061373259948,False,0.04448619539564391,True,-0.03473664713403779,,False,0.09021967862049046,0.024,-0.27579604963266563,deflated_sharpe_below_threshold,False,4,DSR_FAIL,,0.09021967862049046
session_reversion_USDJPY_lookback_days60_z_entry1.0,session_reversion,USDJPY,"{'lookback_days': 60, 'z_entry': 1.0}",False,-1.7487520186215255,-0.10494121112122223,-0.11515739917036238,118,oos_sharpe_ok,False,8,-0.95233224303063,,0,mean_wf_sharpe_below_min,True,-0.008899488839258174,False,0.020383560828074243,True,0.01095383101966152,,False,,,,did_not_reach_layer4,False,1,LOW_OOS_SHARPE,,-1.7487520186215255
session_reversion_XAUUSD_lookback_days60_z_entry1.0,session_reversion,XAUUSD,"{'lookback_days': 60, 'z_entry': 1.0}",False,-1.3092938885494831,-0.21574252849616804,-0.26485915741467014,130,oos_sharpe_ok,False,8,-1.2835541076250416,,0,mean_wf_sharpe_below_min,True,-0.021269978020635905,False,-0.06611221352107677,True,-0.005328642950643725,,False,,,,did_not_reach_layer4,False,1,LOW_OOS_SHARPE,,-1.3092938885494831
session_reversion_ETHUSD_lookback_days60_z_entry1.0,session_reversion,ETHUSD,"{'lookback_days': 60, 'z_entry': 1.0}",False,-0.963459353376864,-0.45803846706729257,-0.5606532585249089,120,oos_sharpe_ok,True,8,-0.6433714344632208,selected_winner,1,,False,-0.050497503110009,False,-0.2876754296455589,False,0.03996640336235435,postwarmup_stress_loss_exceeded,False,,,,did_not_reach_layer4,False,1,LOW_OOS_SHARPE,,-0.963459353376864
session_reversion_SPXUSD_lookback_days60_z_entry1.5,session_reversion,SPXUSD,"{'lookback_days': 60, 'z_entry': 1.5}",False,-0.2643146361802569,-0.03786313943442088,-0.1404731935953274,43,oos_sharpe_ok,True,8,0.8794320815397108,own_params,4,,True,-0.007944155684890708,False,0.025107929834592868,True,-0.00040945182309781725,,False,,,,did_not_reach_layer4,False,1,LOW_OOS_SHARPE,,-0.2643146361802569
session_reversion_USDJPY_lookback_days60_z_entry1.5,session_reversion,USDJPY,"{'lookback_days': 60, 'z_entry': 1.5}",False,-1.705032214015035,-0.06951197953372446,-0.07466348468069806,45,oos_sharpe_ok,False,8,-1.1168114201729156,,0,mean_wf_sharpe_below_min,True,0.0,True,0.0,True,0.010105812096014244,,False,,,,did_not_reach_layer4,False,1,LOW_OOS_SHARPE,,-1.705032214015035
session_reversion_XAUUSD_lookback_days60_z_entry1.5,session_reversion,XAUUSD,"{'lookback_days': 60, 'z_entry': 1.5}",False,-1.5584397996695236,-0.2180216294616678,-0.24907133386504687,65,oos_sharpe_ok,False,8,-0.8113359694463379,,0,mean_wf_sharpe_below_min,True,-0.026855507585242355,False,-0.07957570104927436,True,-0.021478306393482693,,False,,,,did_not_reach_layer4,False,1,LOW_OOS_SHARPE,,-1.5584397996695236
session_reversion_ETHUSD_lookback_days60_z_entry1.5,session_reversion,ETHUSD,"{'lookback_days': 60, 'z_entry': 1.5}",False,-0.8778492993435093,-0.35416974281189406,-0.4922613926958985,56,oos_sharpe_ok,False,8,-0.9906782569539206,,0,mean_wf_sharpe_below_min,False,-0.037896763047632565,False,-0.22600010116398428,False,0.01753592592820108,postwarmup_stress_loss_exceeded,False,,,,did_not_reach_layer4,False,1,LOW_OOS_SHARPE,,-0.8778492993435093
session_reversion_SPXUSD_lookback_days60_z_entry2.0,session_reversion,SPXUSD,"{'lookback_days': 60, 'z_entry': 2.0}",False,0.36048871939501637,0.03599280342684663,-0.13421394286510002,27,oos_sharpe_ok,True,8,0.8836189603555198,own_params,0,,True,0.0010817661008324375,False,-0.003001633005572435,True,-0.016298476571190545,,False,,,,did_not_reach_layer4,False,1,LOW_OOS_SHARPE,,0.36048871939501637
session_reversion_USDJPY_lookback_days60_z_entry2.0,session_reversion,USDJPY,"{'lookback_days': 60, 'z_entry': 2.0}",False,-0.9044400231832989,-0.025576752901664834,-0.034163043941422666,21,oos_sharpe_ok,False,8,-0.4377152384648884,,0,mean_wf_sharpe_below_min,True,0.0,True,0.0,True,0.011143915929865189,,False,,,,did_not_reach_layer4,False,1,LOW_OOS_SHARPE,,-0.9044400231832989
session_reversion_XAUUSD_lookback_days60_z_entry2.0,session_reversion,XAUUSD,"{'lookback_days': 60, 'z_entry': 2.0}",False,-1.423758157257316,-0.1570946181284777,-0.1742607064863213,23,oos_sharpe_ok,False,8,-0.8677907944668902,,0,mean_wf_sharpe_below_min,True,0.0,True,-0.01813202400839886,True,-0.023912959246733867,,False,,,,did_not_reach_layer4,False,1,LOW_OOS_SHARPE,,-1.423758157257316
session_reversion_ETHUSD_lookback_days60_z_entry2.0,session_reversion,ETHUSD,"{'lookback_days': 60, 'z_entry': 2.0}",False,0.5559069017905991,0.1522111627929834,-0.14997531554966947,31,neighbor_dd_ok,False,8,-0.7460709811880648,,1,mean_wf_sharpe_below_min,False,-0.008540625972455529,False,-0.30185362370908575,False,0.045043463564494735,postwarmup_stress_loss_exceeded,False,,,,did_not_reach_layer4,False,1,PARAMETER_FRAGILITY,,0.5559069017905991
