instance_id,regime_type,regime_label,mean_bar_return,n_bars
breakout_egarch_USDJPY_L24_Q0.4,atr_vol,Low,8.948525465050195e-06,12484
breakout_egarch_USDJPY_L24_Q0.4,atr_vol,Normal,1.4636245225833526e-05,13996
breakout_egarch_USDJPY_L24_Q0.4,atr_vol,High,2.2089309392411277e-06,7214
breakout_egarch_USDJPY_L24_Q0.4,atr_vol,Extreme,-5.5457266571729406e-05,4224
breakout_egarch_USDJPY_L24_Q0.4,efficiency_ratio,Choppy,-5.755680314305576e-05,30006
breakout_egarch_USDJPY_L24_Q0.4,efficiency_ratio,Neutral,0.0001652605735367983,9551
breakout_egarch_USDJPY_L24_Q0.4,efficiency_ratio,Trending,0.0005230756592028049,472
breakout_egarch_USDJPY_L24_Q0.4,moving_average,Bear,4.632284072590052e-07,15469
breakout_egarch_USDJPY_L24_Q0.4,moving_average,Bull,3.701248929261361e-06,24608
breakout_egarch_USDJPY_L24_Q0.4,spread_liquidity,Normal,7.3578773987514875e-06,25388
breakout_egarch_USDJPY_L24_Q0.4,spread_liquidity,Wide,9.74598609073375e-06,8248
breakout_egarch_USDJPY_L24_Q0.4,spread_liquidity,Extreme,-3.945368304360616e-05,4282
breakout_egarch_XAUUSD_L24_Q0.8,atr_vol,Low,1.0632949672972744e-05,10789
breakout_egarch_XAUUSD_L24_Q0.8,atr_vol,Normal,7.2003949196932546e-06,13816
breakout_egarch_XAUUSD_L24_Q0.8,atr_vol,High,-9.612694538242965e-06,7479
breakout_egarch_XAUUSD_L24_Q0.8,atr_vol,Extreme,9.244515674207689e-05,4518
breakout_egarch_XAUUSD_L24_Q0.8,efficiency_ratio,Choppy,-8.253753466514748e-05,29424
breakout_egarch_XAUUSD_L24_Q0.8,efficiency_ratio,Neutral,0.0003021066141088574,8952
breakout_egarch_XAUUSD_L24_Q0.8,efficiency_ratio,Trending,0.000843025033905569,337
breakout_egarch_XAUUSD_L24_Q0.8,moving_average,Bear,1.7530490086803452e-05,13000
breakout_egarch_XAUUSD_L24_Q0.8,moving_average,Bull,1.2890689601060683e-05,25761
breakout_egarch_XAUUSD_L24_Q0.8,spread_liquidity,Normal,1.7408360405191195e-05,25566
breakout_egarch_XAUUSD_L24_Q0.8,spread_liquidity,Wide,1.9429698457057283e-05,7274
breakout_egarch_XAUUSD_L24_Q0.8,spread_liquidity,Extreme,-7.022951290373103e-06,3762
breakout_egarch_XAUUSD_L48_Q0.4,atr_vol,Low,3.5442268098458366e-06,10789
breakout_egarch_XAUUSD_L48_Q0.4,atr_vol,Normal,7.504423708172224e-06,13816
breakout_egarch_XAUUSD_L48_Q0.4,atr_vol,High,9.873834634781564e-06,7479
breakout_egarch_XAUUSD_L48_Q0.4,atr_vol,Extreme,3.05858068764083e-05,4518
breakout_egarch_XAUUSD_L48_Q0.4,efficiency_ratio,Choppy,-0.0001210962114481735,29424
breakout_egarch_XAUUSD_L48_Q0.4,efficiency_ratio,Neutral,0.00040468938803386303,8952
breakout_egarch_XAUUSD_L48_Q0.4,efficiency_ratio,Trending,0.0008733186637287633,337
breakout_egarch_XAUUSD_L48_Q0.4,moving_average,Bear,2.7676544283970756e-05,13000
breakout_egarch_XAUUSD_L48_Q0.4,moving_average,Bull,-2.267850621847614e-07,25761
breakout_egarch_XAUUSD_L48_Q0.4,spread_liquidity,Normal,6.732853696173739e-06,25566
breakout_egarch_XAUUSD_L48_Q0.4,spread_liquidity,Wide,2.3655950234689772e-05,7274
breakout_egarch_XAUUSD_L48_Q0.4,spread_liquidity,Extreme,2.591001090156024e-06,3762
breakout_egarch_XAUUSD_L48_Q0.8,atr_vol,Low,4.865383460477723e-06,10789
breakout_egarch_XAUUSD_L48_Q0.8,atr_vol,Normal,9.47893026235547e-06,13816
breakout_egarch_XAUUSD_L48_Q0.8,atr_vol,High,1.458692661315906e-05,7479
breakout_egarch_XAUUSD_L48_Q0.8,atr_vol,Extreme,6.269953147530457e-05,4518
breakout_egarch_XAUUSD_L48_Q0.8,efficiency_ratio,Choppy,-8.697373597421981e-05,29424
breakout_egarch_XAUUSD_L48_Q0.8,efficiency_ratio,Neutral,0.0003188008041704316,8952
breakout_egarch_XAUUSD_L48_Q0.8,efficiency_ratio,Trending,0.0008339348319785755,337
breakout_egarch_XAUUSD_L48_Q0.8,moving_average,Bear,2.452162738877302e-05,13000
breakout_egarch_XAUUSD_L48_Q0.8,moving_average,Bull,9.978047201234063e-06,25761
breakout_egarch_XAUUSD_L48_Q0.8,spread_liquidity,Normal,1.1968497266175959e-05,25566
breakout_egarch_XAUUSD_L48_Q0.8,spread_liquidity,Wide,1.2272295563476732e-05,7274
breakout_egarch_XAUUSD_L48_Q0.8,spread_liquidity,Extreme,4.799849839693132e-05,3762
breakout_egarch_XAUUSD_L96_Q0.4,atr_vol,Low,3.0025824581238586e-06,10789
breakout_egarch_XAUUSD_L96_Q0.4,atr_vol,Normal,1.2365915774988927e-05,13816
breakout_egarch_XAUUSD_L96_Q0.4,atr_vol,High,2.2985644929126723e-05,7479
breakout_egarch_XAUUSD_L96_Q0.4,atr_vol,Extreme,1.6164605323105324e-05,4518
breakout_egarch_XAUUSD_L96_Q0.4,efficiency_ratio,Choppy,-9.78179110679351e-05,29424
breakout_egarch_XAUUSD_L96_Q0.4,efficiency_ratio,Neutral,0.0003378140964301433,8952
breakout_egarch_XAUUSD_L96_Q0.4,efficiency_ratio,Trending,0.0008969320587031251,337
breakout_egarch_XAUUSD_L96_Q0.4,moving_average,Bear,1.2383550235890061e-05,13000
breakout_egarch_XAUUSD_L96_Q0.4,moving_average,Bull,1.1148539524711895e-05,25761
breakout_egarch_XAUUSD_L96_Q0.4,spread_liquidity,Normal,1.499710289183576e-05,25566
breakout_egarch_XAUUSD_L96_Q0.4,spread_liquidity,Wide,1.2791853995479356e-05,7274
breakout_egarch_XAUUSD_L96_Q0.4,spread_liquidity,Extreme,-7.517330870046764e-06,3762
breakout_egarch_XAUUSD_L168_Q0.4,atr_vol,Low,6.657939637104331e-06,10789
breakout_egarch_XAUUSD_L168_Q0.4,atr_vol,Normal,1.079733867297626e-05,13816
breakout_egarch_XAUUSD_L168_Q0.4,atr_vol,High,3.0159116386403194e-05,7479
breakout_egarch_XAUUSD_L168_Q0.4,atr_vol,Extreme,-1.872485842571096e-05,4518
breakout_egarch_XAUUSD_L168_Q0.4,efficiency_ratio,Choppy,-7.963938590781262e-05,29424
breakout_egarch_XAUUSD_L168_Q0.4,efficiency_ratio,Neutral,0.00026990407790383086,8952
breakout_egarch_XAUUSD_L168_Q0.4,efficiency_ratio,Trending,0.000857856523719556,337
breakout_egarch_XAUUSD_L168_Q0.4,moving_average,Bear,6.414902218244112e-06,13000
breakout_egarch_XAUUSD_L168_Q0.4,moving_average,Bull,1.081386336322086e-05,25761
breakout_egarch_XAUUSD_L168_Q0.4,spread_liquidity,Normal,6.638471307174456e-06,25566
breakout_egarch_XAUUSD_L168_Q0.4,spread_liquidity,Wide,2.0321945416071653e-05,7274
breakout_egarch_XAUUSD_L168_Q0.4,spread_liquidity,Extreme,1.1809855008340961e-05,3762
session_reversion_SPXUSD_lookback_days60_z_entry1.0,atr_vol,Low,2.8355866748947973e-06,11601
session_reversion_SPXUSD_lookback_days60_z_entry1.0,atr_vol,Normal,2.375869625046908e-06,13602
session_reversion_SPXUSD_lookback_days60_z_entry1.0,atr_vol,High,2.0075400311699394e-05,6653
session_reversion_SPXUSD_lookback_days60_z_entry1.0,atr_vol,Extreme,1.4757373530540364e-05,4209
session_reversion_SPXUSD_lookback_days60_z_entry1.0,efficiency_ratio,Choppy,1.7991612225208502e-05,28184
session_reversion_SPXUSD_lookback_days60_z_entry1.0,efficiency_ratio,Neutral,-1.287570340968022e-05,9368
session_reversion_SPXUSD_lookback_days60_z_entry1.0,efficiency_ratio,Trending,-5.71609474433357e-05,624
session_reversion_SPXUSD_lookback_days60_z_entry1.0,moving_average,Bear,2.318247734024199e-05,11636
session_reversion_SPXUSD_lookback_days60_z_entry1.0,moving_average,Bull,3.047851356916461e-06,26588
session_reversion_SPXUSD_lookback_days60_z_entry1.0,spread_liquidity,Normal,1.3592603053360279e-06,29505
session_reversion_SPXUSD_lookback_days60_z_entry1.0,spread_liquidity,Wide,1.7730652400264913e-05,3350
session_reversion_SPXUSD_lookback_days60_z_entry1.0,spread_liquidity,Extreme,5.027569541099567e-05,3210
